City,Country
Denver,United States
Dallas/Fort Worth,United States
Dhahran,Saudi Arabia
Dakar,Senegal
Denpasar,Indonesia
Des Moines,United States
Detroit,United States
Dublin,Ireland
DusseldorfW,West Germany
El Paso,United States
Erie,United States
Eugene,United States
Evansville,United States
Newark,United States
Ezeiza,Argentina
Faro,Portugal
Fargo,United States
Oslo,Norway
RomeI,Italy
Fort de France,Martinique
Fort Lauderdale,United States
Fortaleza,Brazil
Freeport,The Bahamas
FrankfurtW,West Germany
Sioux Falls,United States
Fukuoka,Japan
Fort Wayne,United States
Grand Cayman,Cayman Islands
Guadalajara,Mexico
Grand Turk,Turks and Caicos Islands
Spokane,United States
GeorgetownG,Guyana
Governors Harbour,The Bahamas
Rio de Janeiro,Brazil
Glasgow,United Kingdom
Grenada,Grenada
Genoa,Italy
Gothenburg,Sweden
Green Bay,United States
Sao Paulo,Brazil
Greensboro/High Point,United States
Guatemala City,Guatemala
Guam,United States
Geneva,Switzerland
Guayaquil,Ecuador
Guaymas,Mexico
HamburgW,West Germany
Havana,Cuba
Hobart,Australia
Helsinki,Finland
Hong Kong,Hong Kong
Hermosillo,Mexico
Tokyo,Japan
Honolulu,United States
Houston,United States
Harlingen/San Benito,United States
Huntsville,United States
Santa Cruz/Huatulco,Mexico
Washington,United States
Indianapolis,United States
Nauru,Nauru
Iquitos,Peru
Islamabad,Pakistan
Istanbul,Turkey
Jacksonville,United States
Jeddah,Saudi Arabia
New York,United States
Johnston Island,United States
Abidjan,Cote d'Ivoire
Albuquerque,United States
Acapulco,Mexico
Atlantic City,United States
Adelaide,Australia
San Andres Island,Colombia
Malaga,Spain
Auckland,New Zealand
Albany,United States
Amarillo,United States
Amman,Jordan
Amsterdam,Netherlands
Anchorage,United States
St. Johns,Antigua and Barbuda
Apia,Samoa
Arica,Chile
Stockholm,Sweden
Asuncion,Paraguay
Athens,Greece
Atlanta,United States
Aruba,Aruba
Austin,United States
Akita,Japan
Kalamazoo,United States
Barranquilla,Colombia
BarcelonaS,Spain
HamiltonB,Bermuda
Hartford,United States
BelgradeY,Yugoslavia
Belem,Brazil
Barbados/Bridgetown,Barbados
Bangor,United States
BirminghamUS,United States
Biak,Indonesia
Bangkok,Thailand
Nashville,United States
Brisbane,Australia
Bordeaux,France
Bogota,Colombia
Bombay,India
BonaireN,Netherlands Antilles
Boston,United States
Brussels,Belgium
Burlington,United States
Buffalo,United States
Burbank,United States
Baltimore,United States
Belize City,Belize
Columbia,United States
Cairo,Egypt
Cayenne,French Guiana
Caracas,Venezuela
Calcutta,India
Paris,France
Jakarta,Indonesia
CologneW,West Germany
Chattanooga,United States
Ciudad Juarez,Mexico
Cleveland,United States
Port Angeles,United States
Cali,Colombia
Charlotte,United States
Casablanca,Morocco
Cairns,Australia
Copenhagen,Denmark
Cartagena,Colombia
Sapporo,Japan
Cancun,Mexico
WillemstadN,Netherlands Antilles
Cincinnati,United States
Christmas Island,Kiribati
Cozumel,Mexico
Daytona Beach,United States
Damascus,Syria
Dayton,United States
DubrovnikY,Yugoslavia
Delhi,India
Nantes,France
Oakland,United States
Okinawa,Japan
Oklahoma City,United States
Omaha,United States
Ontario,United States
Porto,Portugal
Chicago,United States
Norfolk,United States
Osaka,Japan
Bucharest,Romania
Port-au-Prince,Haiti
West Palm Beach/Palm Beach,United States
Zanderij,Suriname
Ponta Delgada,Portugal
Portland,United States
Pereira,Colombia
Beijing,China
Perth,Australia
Philadelphia,United States
Phoenix,United States
St. PetersburgU,United States
Glasgow/Prestwick,United Kingdom
Pittsburgh,United States
Providenciales,Turks and Caicos Islands
Pohnpei,Federated States of Micronesia
Port Moresby,Papua New Guinea
Puerto Plata,Dominican Republic
Port of Spain,Trinidad and Tobago
Pago Pago,United States
Papeete,French Polynesia
PragueCS,Czechoslovakia
Palm Springs,United States
Pointe A Pitre,Guadeloupe
Panama CityP,Panama
Punta Cana,Dominican Republic
Providence,United States
Puerto Vallarta,Mexico
Avarua,Cook Islands
Bend/Redmond,United States
Raleigh/Durham,United States
Recife,Brazil
Richmond,United States
Reno,United States
Roanoke,United States
Monrovia,Liberia
Rochester,United States
KororU,United States
Fort Myers,United States
Riyadh,Saudi Arabia
San SalvadorE,El Salvador
San Diego,United States
San Pedro Sula,Honduras
San Antonio,United States
SantiagoCh,Chile
Santo Domingo,Dominican Republic
Seattle,United States
Seoul,South Korea
San Francisco,United States
Keflavik/Reykjavik,Iceland
Karachi,Pakistan
KingstonJ,Jamaica
Kosrae,Federated States of Micronesia
Kuala Lumpur,Malaysia
Kwajalein,Marshall Islands
Kuwait,Kuwait
Lansing,United States
La PazM,Mexico
Las Vegas,United States
Los Angeles,United States
Lubbock,United States
La Ceiba,Honduras
LondonU,United Kingdom
Lahore,Pakistan
Lille,France
Lima,Peru
Lisbon,Portugal
Los Mochis,Mexico
Klamath Falls,United States
Lagos,Nigeria
La PazB,Bolivia
Loreto,Mexico
Lusaka,Zambia
Lyon,France
Madras,India
Madrid,Spain
Midland/Odessa,United States
Majuro,Marshall Islands
ManchesterUK,United Kingdom
Manaus,Brazil
Maracaibo,Venezuela
Montego Bay,Jamaica
Kansas City,United States
Orlando,United States
Medellin,Colombia
Harrisburg,United States
MelbourneA,Australia
Memphis,United States
Mexico City,Mexico
Mission/McAllen/Edinburg,United States
Medford,United States
Managua,Nicaragua
Miami,United States
Merida,Mexico
Milwaukee,United States
Mulhouse,France
Manila,Philippines
Montpellier,France
Marseille,France
Madison,United States
Minneapolis,United States
New Orleans,United States
Monterrey,Mexico
MunichW,West Germany
Milan,Italy
Mazatlan,Mexico
Nadi,Fiji
Nassau,The Bahamas
Nice,France
Nagoya,Japan
Myrtle Beach,United States
Greer,United States
White Plains,United States
Jackson/Vicksburg,United States
Komatsu,Japan
Singaua,Papua New Guinea
Shanghai,China
Sal Island,Cape Verde
Singapore,Singapore
San JoseU,United States
San Jose del Cabo,Mexico
San JoseC,Costa Rica
San Juan,United States
St. Kitts,Saint Kitts and Nevis
Salt Lake City,United States
San Luis Potosi,Mexico
Sacramento,United States
Shannon,Ireland
Saipan,United States
Sarasota/Bradenton,United States
Salvador,Brazil
St. Louis,United States
StuttgartW,West Germany
Charlotte Amalie,United States
Sun Valley/Hailey/Ketchum,United States
MoscowU,U.S.S.R.
Strasbourg,France
PhilipsburgN,Netherlands Antilles
SydneyA,Australia
Syracuse,United States
Tobago,Trinidad and Tobago
Tonga Tapu,Tonga
Lajes,Portugal
Tenerife,Spain
Tegucigalpa,Honduras
Chuuk,Federated States of Micronesia
Tallahassee,United States
Toulouse,France
Tel Aviv,Israel
Tampa,United States
Taipei,Taiwan
Turin,Italy
Tulsa,United States
Tumut,Australia
Tucson,United States
Knoxville,United States
Quito,Ecuador
St. Lucia,Saint Lucia
Venice,Italy
Vienna,Austria
Santa Cruz,Bolivia
Warsaw,Poland
West End,The Bahamas
Yap,Federated States of Micronesia
Edmonton,Canada
HamiltonC,Canada
Halifax,Canada
Kamloops,Canada
Kelowna,Canada
Montreal,Canada
Ottawa,Canada
Quebec,Canada
Regina,Canada
Gander,Canada
Vancouver,Canada
Winnipeg,Canada
Saskatoon,Canada
LondonC,Canada
Calgary,Canada
Victoria,Canada
Goose Bay,Canada
Toronto,Canada
Zagreb,Yugoslavia
Zacatecas,Mexico
Ixtapa/Zihuatanejo,Mexico
Manzanillo,Mexico
Zurich,Switzerland
Camp Springs,United States
BarcelonaV,Venezuela
Bristol/Johnson City/Kingsport,United States
Windsor,Canada
St. John's,Canada
Allentown/Bethlehem/Easton,United States
BirminghamUK,United Kingdom
Bismarck/Mandan,United States
Leon/Guanajuato,Mexico
Bellingham,United States
Charleston,United States
Columbus,United States
Pilot Point,United States
Porlamar,Venezuela
Louisville,United States
Sanford,United States
Surfers Paradise,Australia
Shreveport,United States
BerlinB,Berlin
Bari,Italy
Champaign/Urbana,United States
Fayetteville,United States
Newcastle,United Kingdom
Pittsburg,United States
RamsteinW,West Germany
Cardiff,United Kingdom
Dover,United States
Hakodate,Japan
Miyazaki,Japan
Kumamoto,Japan
Margarita Island,Venezuela
Rock Sound,The Bahamas
Salamo,Papua New Guinea
Savannah,United States
San Luis Obispo,United States
Santa Maria,Portugal
Santa Ana,United States
TbilisiU,U.S.S.R.
Treasure Cay,The Bahamas
Fort McMurray,Canada
Lethbridge,Canada
Belfast,United Kingdom
Budapest,Hungary
Colorado Springs,United States
Christiansted,United States
Prince George,Canada
Billings,United States
Bozeman,United States
Mosinee,United States
Saginaw/Bay City/Midland,United States
North Kingstown,United States
Oita,Japan
Wichita,United States
Barquisimeto,Venezuela
Baton Rouge,United States
Cochabamba,Bolivia
DerbyU,United Kingdom
Liverpool,United Kingdom
Mobile,United States
RigaU,U.S.S.R.
Salem,United States
Newburgh/Poughkeepsie,United States
Takamatsu,Japan
Iqaluit,Canada
Bucaramanga,Colombia
Banjul,The Gambia
Comox,Canada
Saint John,Canada
Charlottetown,Canada
Aguascalientes,Mexico
The Valley,Anguilla
Bergen,Norway
Barrow,United States
Belo Horizonte,Brazil
La Romana,Dominican Republic
Luxembourg,Luxembourg
Mayaguez,United States
Malmo,Sweden
Missoula,United States
Glenormiston,Australia
HannoverW,West Germany
Long Beach,United States
Tarawa,Kiribati
Virgin Gorda,British Virgin Islands
Jerez de la Frontera,Spain
Connaught,Ireland
Obihiro,Japan
Ostend,Belgium
Boise,United States
Aguadilla,United States
Road Town,British Virgin Islands
Gdansk,Poland
Yellowknife,Canada
Natal,Brazil
Nordholz,West Germany
Cork,Ireland
Oshkosh,United States
Palermo,Italy
Pensacola,United States
Porto Alegre,Brazil
Sendai,Japan
Grand Junction,United States
Grand Rapids,United States
Balboa,Panama
Shaoguan,China
Niigata,Japan
Kagoshima,Japan
Narsarsuaq,Greenland
ValenciaV,Venezuela
Santiago de Compostela,Spain
Santa Rosa de Copan,Honduras
Stephenville,Canada
North Bend/Coos Bay,United States
Curitiba,Brazil
Florianopolis,Brazil
Grandview,United States
CologneG,Germany
DusseldorfG,Germany
FrankfurtG,Germany
HamburgG,Germany
Hagerstown,United States
Hiroshima,Japan
StuttgartG,Germany
Sioux City,United States
BerlinG,Germany
Lincoln,United States
MunichG,Germany
Christchurch,New Zealand
Cedar Rapids/Iowa City,United States
Eagle,United States
Oaxaca,Mexico
HannoverG,Germany
Terre Haute,United States
Islip,United States
Okayama,Japan
Peoria,United States
Ponce,United States
Marrakech,Morocco
South Bend,United States
Timisoara,Romania
Grande Prairie,Canada
Manama,Bahrain
Billund,Denmark
ManchesterUS,United States
Toluca,Mexico
Cold Bay,United States
Ashland,United States
Niagara Falls,United States
Little Rock,United States
KororP,Palau
Aomori,Japan
Abu Dhabi,United Arab Emirates
Asheville,United States
Armenia,Colombia
Bakersfield,United States
Brownsville,United States
Brasilia,Brazil
Bratislava,Slovakia
Johannesburg,South Africa
Nanortalik,Greenland
Kiev,Ukraine
Kaohsiung,Taiwan
Khabarovsk,Russia
Kona,United States
Larnaca,Cyprus
St. PetersburgR,Russia
Laredo,United States
Muscat,Oman
Marsh Harbour,The Bahamas
Roatan Island,Honduras
Springfield,United States
Sofia,Bulgaria
MoscowR,Russia
Toledo,United States
Veracruz,Mexico
Vladivostok,Russia
Moncton,Canada
Accra,Ghana
Morelia,Mexico
Montevideo,Uruguay
Manizales,Colombia
Guantanamo,Cuba
Kahului,United States
PragueCR,Czech Republic
Redding,United States
Resistencia,Argentina
RamsteinG,Germany
Andeness,Norway
Aviano,Italy
Scranton/Wilkes-Barre,United States
Cocoa Beach,United States
Cordoba,Argentina
Cape Town,South Africa
Culiacan,Mexico
Cayman Brac,Cayman Islands
Dhaka,Bangladesh
Dallas,United States
DurangoM,Mexico
Doha,Qatar
Marigot,Dominica
Darwin,Australia
Matamoros,Mexico
Monteria,Colombia
Mexicali,Mexico
Matsuyama,Japan
Dubai,United Arab Emirates
Anadyr,Russia
East Farmingdale,United States
Magadan,Russia
Gulfport/Biloxi,United States
Iwo Jima,Japan
Fairbanks,United States
Fukushima,Japan
Hanamaki,Japan
Sumter,United States
Teterboro,United States
Tottori,Japan
Wellington,New Zealand
Thunder Bay,Canada
Knob Noster,United States
Toyama,Japan
Valparaiso,United States
Wawa,Canada
Bedford,United States
Bandar Seri Begawan,Brunei
Madang,Papua New Guinea
Cherry Point,United States
Noumea,New Caledonia
Cucuta,Colombia
Topeka,United States
Alexandria,United States
Bristol,United Kingdom
Killeen,United States
Great Falls,United States
Hail,Saudi Arabia
Ogden,United States
Lexington,United States
Santa Marta,Colombia
Shonai,Japan
Tarbes/Lourdes/Pyrenees,France
Las Palmas,Spain
Edinburgh,United Kingdom
Fresno,United States
Hopkinsville,United States
Elmira/Corning,United States
New Bedford/Fall River,United States
Montgomery,United States
Maturin,Venezuela
NaplesI,Italy
Orocue,Colombia
Osan,South Korea
Pinheiro,Brazil
Roswell,United States
Farafangana,Madagascar
Sault Ste. Marie,Canada
Cornwall,Canada
Miramichi,Canada
Cold Lake,Canada
Waco,United States
Clovis,United States
Duluth,United States
La Crosse,United States
Misawa,Japan
Maceio,Brazil
Mendoza,Argentina
Utapao,Thailand
Points North Landing,Canada
Lac La Ronge,Canada
RotaS,Spain
Augusta,United States
Anderson,United States
Biarritz,France
Campo Grande,Brazil
Sao Luiz,Brazil
Tashkent,Uzbekistan
Saguenay,Canada
Ammaroo,Australia
Wake Island,United States
Petropavlovsk-Kamchatsky,Russia
Nagasaki,Japan
Busan,South Korea
Nome,United States
Hyderabad,India
Iguacu Falls,Brazil
Tijuana,Mexico
Abilene,United States
Kerry County,Ireland
Westfield,United States
Basco,Philippines
Akron,United States
Chicopee Falls,United States
Humacao,United States
Pontiac,United States
Tarapoto,Peru
Tepic,Mexico
Newport News/Hampton,United States
McCook,United States
Liberia,Costa Rica
Darlington,United Kingdom
Whidbey Island,United States
Bishkek,Kyrgyzstan
Fort Dix,United States
Alice Springs,Australia
RomeU,United States
Inuvik,Canada
SydneyC,Canada
Timmins,Canada
Mahe Islands,Seychelles
Valdosta,United States
Cassilandia,Brazil
Lihue,United States
Mombasa,Kenya
Minot,United States
Addis Ababa,Ethiopia
Ahmedabad,India
Bangalore,India
Mumbai,India
Guangzhou,China
Chihuahua,Mexico
Dammam,Saudi Arabia
Popayan,Colombia
Pasco/Kennewick/Richland,United States
Saltillo,Mexico
SantiagoD,Dominican Republic
Cotonou,Benin
Flores,Guatemala
Moss Town,The Bahamas
Helena,United States
Holguin,Cuba
Brunswick,United States
Portsmouth,United States
Lewiston,United States
Mejit Island,Marshall Islands
Maastricht,Netherlands
Satu Mare,Romania
St. Vincent,Saint Vincent and the Grenadines
Tampico,Mexico
Torreon,Mexico
Villahermosa,Mexico
Dawson City,Canada
Yakima,United States
San SalvadorT,The Bahamas
Goldsboro,United States
Krakow,Poland
Grand Forks,United States
Ivanovo,Russia
Memanbetsu,Japan
Neryungri,Russia
ValenciaS,Spain
Puebla,Mexico
Newport News/Williamsburg,United States
Rotuma,Fiji
Camaguey,Cuba
Eindhoven,Netherlands
Hughes,United States
SantiagoCu,Cuba
Ushuaia,Argentina
Valledupar,Colombia
Elko,United States
Flint,United States
Wilmington,United States
Macapa,Brazil
Kenora,Canada
Arcata/Eureka,United States
Brize Norton,United Kingdom
Malta,Malta
Manston,United Kingdom
Naberevnye Chelny,Russia
Ceiba,United States
Fairfield,United States
Garoua,Cameroon
Kilimanjaro,Tanzania
Battle Creek,United States
Camiguin,Philippines
Prince Albert,Canada
Mountain Home,United States
Nonouti,Kiribati
Sigonella,Italy
Puerto Cabello,Venezuela
Rapid City,United States
Gerona,Spain
Bullhead City,United States
Kabalo,Congo (Kinshasa)
Kochi,Japan
Bournemouth,United Kingdom
Whitesburg,United States
Barahona,Dominican Republic
Ciudad del Carmen,Mexico
Constanta,Romania
Lewisburg,United States
Chitato,Angola
Quang Ngai,Vietnam
Yuma,United States
Moline,United States
North Caicos,Turks and Caicos Islands
Mayport,United States
La Desirade,Guadeloupe
Salina,United States
Ho Chi Minh City,Vietnam
Lake Simcoe,Canada
MelbourneU,United States
New Smyrna Beach,United States
Lubang,Philippines
Traverse City,United States
Rockford,United States
Provo,United States
Luanda,Angola
Appleton,United States
Whitehorse,Canada
Abbotsford,Canada
Cienfuegos,Cuba
Charleston/Dunbar,United States
Tacoma,United States
Queretaro,Mexico
Aspen,United States
Stella Maris,The Bahamas
Pinehurst/Southern Pines,United States
Nassau/Paradise Island,The Bahamas
Pasto,Colombia
Morristown,United States
North Eleuthera,The Bahamas
Old Crow,Canada
Marathon,United States
Andros Town,The Bahamas
Waterloo,United States
Monclova,Mexico
Tofino,Canada
Fredericton,Canada
Bimini,The Bahamas
St. Eustatius,Netherlands Antilles
Nevis,Saint Kitts and Nevis
Yuzhno-Sakhalinsk,Russia
Santa Barbara,United States
Hahn,Germany
Campbell River,Canada
Barrancabermeja,Colombia
Carroll,United States
Keperveyem,Russia
Lawton/Fort Sill,United States
Canouan,Saint Vincent and the Grenadines
Kitchener,Canada
Corpus Christi,United States
Kushiro,Japan
Friday Harbor,United States
Panama CityU,United States
Monterey,United States
Port Hardy,Canada
Rouyn-Noranda,Canada
Vava'u,Tonga
Chetumal,Mexico
Juneau,United States
New Haven,United States
RigaL,Latvia
Farnborough,United Kingdom
Exeter,United Kingdom
KingstonC,Canada
Eastsound,United States
Mildenhall,United Kingdom
Lyneham,United Kingdom
Trondheim,Norway
Joinville,Brazil
Sitka,United States
Oberpfaffenhofen,Germany
Westhampton,United States
Provideniya,Russia
Gainesville,United States
Caye Chapel,Belize
Fort Drum,United States
New Bight,The Bahamas
Niue Island,Niue
Fort Pierce,United States
Dry Bay,United States
Rotterdam,Netherlands
Ulan Bator,Mongolia
Yarmouth,Canada
Hyannis,United States
Debrecen,Hungary
Riverside,United States
Nanaimo,Canada
Chichen Itza,Mexico
Adler/Sochi,Russia
Gatineau,Canada
Kalispell,United States
Massena,United States
Jersey,United Kingdom
Van Nuys,United States
Blantyre,Malawi
TbilisiG,Georgia
Unalakleet,United States
Stuart,United States
Homer,United States
Maota,Samoa
Galapagos Islands,Ecuador
North Adams,United States
Comayagua,Honduras
GeorgetownU,United States
Elkhart,United States
Aiken,United States
Saratoga,United States
Waterford,Ireland
Asahikawa,Japan
DubrovnikC,Croatia
Gove,Australia
Macon,United States
Luzon Island,Philippines
Kapuskasing,Canada
Avignon,France
Dubuque,United States
Minneapolis/St. Paul,United States
Harrington Harbour,Canada
Broomfield,United States
Santa Monica,United States
Hooper Bay,United States
Neiva,Colombia
Pisa,Italy
PhilipsburgS,Sint Maarten
Kenmore,United States
Rabat,Morocco
Iwoto,Japan
Powell River,Canada
BonaireB,Bonaire
East Hampton,United States
Sechelt,Canada
RotaU,United States
Kolkata,India
Abuja,Nigeria
Tuxtla Gutierrez,Mexico
Jeju,South Korea
State College,United States
Saint Barthelemy,Saint Barthelemy
Santa Rosa,United States
Mayo,Canada
Riohacha,Colombia
Samana,Dominican Republic
Port Townsend,United States
WillemstadC,Curacao
Ibague,Colombia
Jackson,United States
Salisbury,United States
Cortes Bay,Canada
Port McNeill,Canada
Praia,Cape Verde
Chennai,India
Tumaco,Colombia
NurembergG,Germany
San Cristobal,Mexico
Cranbrook,Canada
Navegantes,Brazil
Dalton,United States
Desolation Sound,Canada
Bloomington/Normal,United States
Boca Raton,United States
Big Bay Marina,Canada
Tuktoyaktuk,Canada
Victorville,United States
TrentonU,United States
Westsound,United States
Anacortes,United States
Leipzig,Germany
Gorge Harbor,Canada
Sullivan Bay,Canada
Greenway Sound,Canada
Oak Harbor,United States
Rifle,United States
Charlottesville,United States
Finningley,United Kingdom
King Salmon,United States
Rzeszow,Poland
La Macaza,Canada
Salzburg,Austria
Nootka Sound,Canada
Eagle River,United States
Pullman,United States
Rio Grande,Argentina
Fort Yukon,United States
Coeur d'Alene,United States
Karlsruhe/Baden-Baden,Germany
Akureyri,Iceland
Magangue,Colombia
Muskoka,Canada
Kodiak,United States
Astoria/Seaside,United States
Galena,United States
Kosice,Slovakia
Penticton,Canada
Napa,United States
Innsbruck,Austria
Demopolis,United States
Roche Harbor,United States
Statesboro,United States
Florence,Italy
Seville,Spain
Red Dog,United States
Sarajevo,Bosnia and Herzegovina
Lagos de Moreno,Mexico
Clifton,United States
Manhattan/Ft. Riley,United States
Berne,Switzerland
BelgradeS,Serbia
Bergerac,France
Latrobe,United States
Grosseto,Italy
Matsumoto,Japan
Hibbing,United States
Moultrie,United States
Rogers,United States
Easton,United States
A Coruna,Spain
Hickory,United States
Moses Lake,United States
Rosario,United States
Nantucket,United States
Monticello,United States
Flagstaff,United States
Sheboygan,United States
Benton Harbor/St. Joseph,United States
Northway,United States
Thule,Greenland
Olbia,Italy
Peterborough,Canada
Hayden,United States
Idaho Falls,United States
Cabo San Lucas,Mexico
Waterbury,United States
Salmon Arm,Canada
Manteo,United States
Manassas,United States
Nykoping,Sweden
Montrose/Delta,United States
Youngstown/Warren,United States
Cunnamulla,Australia
Tuscaloosa,United States
Inverness,United Kingdom
Danang,Vietnam
Kotzebue,United States
Charlo,Canada
Chatham Kent,Canada
St. Augustine,United States
Tahsis,Canada
Augusta/Waterville,United States
Kazan,Russia
Mikonos Island,Greece
NurembergW,West Germany
Boku,Papua New Guinea
Stockton,United States
Powell Point,The Bahamas
Ljubljana,Yugoslavia
Mactan Island,Philippines
Mont Joli,Canada
Amchitka Island,United States
Casper,United States
Sondre Stromfjord,Greenland
Concepcion,Chile
Lynchburg,United States
Adana,Turkey
Mangaia,Cook Islands
Subic Bay,Philippines
Townsville,Australia
Chateauroux,France
Manono,Congo (Kinshasa)
Leningrad,U.S.S.R.
Wenatchee,United States
Arrecife,Spain
Bhubaneswar,India
Homestead,United States
Shemya,United States
Earlton,Canada
Tianjin,China
Al Hoceima,Morocco
Catania,Italy
Ovda,Israel
Cape Vogel,Papua New Guinea
Bay St. Louis,United States
Cuiaba,Brazil
Dryden,Canada
Mankato,United States
Blackwater,Australia
Edwards,United States
Ama,Papua New Guinea
Crotone,Italy
Sudbury,Canada
NaplesU,United States
La Serena,Chile
Cody,United States
Basse Terre,Guadeloupe
Trapani/Marsala,Italy
Bathurst,Australia
Biloxi,United States
Tuzla,Bosnia and Herzegovina
Beersheba,Israel
Medina,Saudi Arabia
TrentonC,Canada
Deer Lake,Canada
Sam Neua,Laos
Huslia,United States
Tzaneen,South Africa
Ankara,Turkey
International Falls,United States
Nairobi,Kenya
Funchal,Portugal
Aubenas,France
Marietta,United States
Planadas,Colombia
Varadero,Cuba
Deauville,France
Waco Kungo,Angola
Tupelo,United States
Walla Walla,United States
Iquique,Chile
Genting,Malaysia
Jiyanklis,Egypt
Manta,Ecuador
Churchill,Canada
Pocatello,United States
Baler,Philippines
Key West,United States
Union City,United States
La Rochelle,France
Phnom Penh,Cambodia
Savoonga,United States
Staunton,United States
Manistee/Ludington,United States
Camp Douglas,United States
Bremen,Germany
Thessaloniki,Greece
Camiri,Bolivia
Popondetta,Papua New Guinea
Twin Falls,United States
Mar del Plata,Argentina
Beaufort,United States
Gambell,United States
Inagua,The Bahamas
Antwerp,Belgium
Binghamton,United States
Lafayette,United States
Kumasi,Ghana
Northolt,United Kingdom
Winston-Salem,United States
Bage,Brazil
Zhezkazgan,Kazakhstan
Racine,United States
Kosipe,Papua New Guinea
Worcester,United States
Ingolstadt,Germany
Humberside,United Kingdom
Cheyenne,United States
Leeds/Bradford,United Kingdom
Hancock/Houghton,United States
Pontoise,France
Tampere,Finland
Yinchuan,China
Rostock-Laage,Germany
Toulon/Hyeres,France
Southend-On-Sea,United Kingdom
St. Pierre,Saint Pierre and Miquelon
Olympia,United States
Newquay,United Kingdom
Bodrum,Turkey
DerbyA,Australia
Dunbar,Australia
Bella Bella,Canada
Londonderry,United Kingdom
San Felipe,Venezuela
Bilbao,Spain
Almaty,Kazakhstan
Belleville,United States
Pau,France
DurangoU,United States
Katowice,Poland
Cannes,France
Turku,Finland
Port Augusta,Australia
Pueblo,United States
Ciudad Victoria,Mexico
Dalaman,Turkey
El Palomar,Argentina
